,Median Income,Population,State_Code,ZIP,City,State
595,14940,2792,13,184,Abbeville, Georgia
280,32449,22336,13,408,Acworth, Georgia
407,30675,4792,13,436,Adairsville, Georgia
272,22791,5290,13,576,Adel, Georgia
247,15913,558,13,660,Adrian, Georgia
531,14375,563,13,828,Ailey, Georgia
337,33565,3362,13,996,Alamo, Georgia
124,19336,814,13,1024,Alapaha, Georgia
109,20219,74631,13,1052,Albany, Georgia
412,25795,123,13,1248,Aldora, Georgia
338,27235,915,13,1472,Allenhurst, Georgia
332,18125,123,13,1500,Allen, Georgia
195,16340,3474,13,1612,Alma, Georgia
29,54157,64672,13,1696,Alpharetta, Georgia
528,16985,185,13,1808,Alston, Georgia
68,25307,1308,13,1948,Alto, Georgia
300,15893,354,13,2060,Ambrose, Georgia
488,17963,15659,13,2116,Americus, Georgia
493,18229,240,13,2256,Andersonville, Georgia
397,13548,1010,13,2536,Appling, Georgia
522,19896,645,13,2564,Arabi, Georgia
454,20841,1382,13,2592,Aragon, Georgia
554,23676,1554,13,2648,Arcade, Georgia
514,16176,217,13,2844,Argyle, Georgia
436,20450,1656,13,2928,Arlington, Georgia
90,28889,429,13,3124,Arnoldsville, Georgia
137,21444,3691,13,3236,Ashburn, Georgia
355,18516,123310,13,3440,Athens-Clarke County (balance), Georgia
295,31660,479655,13,4000,Atlanta, Georgia
483,20476,571,13,4084,Attapulgus, Georgia
141,25609,7303,13,4140,Auburn, Georgia
356,21754,196807,13,4204,Augusta-Richmond County consolidated government (balance), Georgia
284,25970,7276,13,4252,Austell, Georgia
605,26875,185,13,4392,Avalon, Georgia
551,25000,269,13,4448,Avera, Georgia
499,54264,3135,13,4644,Avondale Estates, Georgia
444,21860,1001,13,4840,Baconton, Georgia
583,19800,12152,13,4896,Bainbridge, Georgia
74,25503,3482,13,4980,Baldwin, Georgia
519,35611,1993,13,5036,Ball Ground, Georgia
111,12555,6608,13,5344,Barnesville, Georgia
110,20781,268,13,5680,Bartow, Georgia
339,22176,296,13,5708,Barwick, Georgia
254,16579,4697,13,6016,Baxley, Georgia
82,28875,145,13,6688,Bellville, Georgia
78,23978,15543,13,6884,Belvedere Park, Georgia
48,54955,1994,13,7248,Berkeley Lake, Georgia
304,19511,679,13,7304,Berlin, Georgia
471,23214,930,13,7612,Bethlehem, Georgia
470,41164,328,13,7640,Between, Georgia
560,40774,358,13,8200,Bishop, Georgia
15,18145,3485,13,8284,Blackshear, Georgia
58,14695,625,13,8480,Blairsville, Georgia
517,19098,4690,13,8536,Blakely, Georgia
510,30064,2726,13,8844,Bloomingdale, Georgia
484,19583,1242,13,8928,Blue Ridge, Georgia
297,26406,68,13,8956,Bluffton, Georgia
305,23088,700,13,9040,Blythe, Georgia
296,30613,1390,13,9068,Bogart, Georgia
453,27086,3421,13,9272,Bonanza, Georgia
40,19329,1325,13,9460,Boston, Georgia
301,33313,294,13,9488,Bostwick, Georgia
144,19322,2134,13,9544,Bowdon, Georgia
422,21129,465,13,9656,Bowersville, Georgia
24,17935,849,13,9712,Bowman, Georgia
362,36563,52,13,9852,Boykin, Georgia
429,44746,10509,13,10076,Braselton, Georgia
306,28839,455,13,10104,Braswell, Georgia
430,28280,6311,13,10132,Bremen, Georgia
584,26964,226,13,10608,Brinson, Georgia
236,19286,271,13,10860,Bronwood, Georgia
398,47199,53140,13,10944,Brookhaven, Georgia
307,30503,1751,13,11000,Brooklet, Georgia
12,42404,509,13,11056,Brooks, Georgia
460,20897,1254,13,11504,Broxton, Georgia
72,17896,16034,13,11560,Brunswick, Georgia
219,16026,1435,13,11616,Buchanan, Georgia
178,22143,155,13,11672,Buckhead, Georgia
415,20406,2104,13,11728,Buena Vista, Georgia
155,25513,15185,13,11784,Buford, Georgia
494,21423,1989,13,12120,Butler, Georgia
463,18542,529,13,12232,Byromville, Georgia
100,31155,5108,13,12260,Byron, Georgia
413,17245,489,13,12344,Cadwell, Georgia
185,19282,9528,13,12400,Cairo, Georgia
403,22078,16708,13,12456,Calhoun, Georgia
363,45000,110,13,12484,Calvary, Georgia
468,24464,117,13,12512,Camak, Georgia
481,18513,5000,13,12624,Camilla, Georgia
123,20793,24022,13,12834,Candler-McAfee, Georgia
286,17813,1002,13,12932,Canon, Georgia
364,-666666666,125,13,12960,Canoochee, Georgia
134,26964,27127,13,12988,Canton, Georgia
53,24135,235,13,13184,Carl, Georgia
537,21250,429,13,13212,Carlton, Georgia
86,23466,743,13,13352,Carnesville, Georgia
201,18815,26397,13,13492,Carrollton, Georgia
612,28613,20467,13,13688,Cartersville, Georgia
84,21111,1128,13,14108,Cave Spring, Georgia
308,20234,343,13,14192,Cecil, Georgia
365,-666666666,122,13,14472,Cedar Springs, Georgia
467,20529,9930,13,14500,Cedar, Georgia
253,36196,7671,13,14920,Centerville, Georgia
549,25398,455,13,15026,Centralhatchee, Georgia
261,31324,28748,13,15172,Chamblee, Georgia
590,23427,4271,13,15508,Chatsworth, Georgia
335,32963,2867,13,15552,Chattahoochee Hills, Georgia
234,19571,3727,13,15585,Chattanooga Valley, Georgia
309,19821,369,13,15648,Chauncey, Georgia
366,15156,47,13,15844,Cherry Log, Georgia
274,16641,2121,13,15900,Chester, Georgia
541,22863,3145,13,15984,Chickamauga, Georgia
490,24435,1706,13,16460,Clarkesville, Georgia
262,20786,12762,13,16544,Clarkston, Georgia
276,22832,2359,13,16600,Claxton, Georgia
542,17188,1838,13,16656,Clayton, Georgia
450,31483,902,13,16796,Clermont, Georgia
578,19664,3834,13,16824,Cleveland, Georgia
217,21094,178,13,16908,Climax, Georgia
441,22440,366,13,17272,Cobb, Georgia
54,21551,4869,13,17328,Cochran, Georgia
310,28333,539,13,17496,Cohutta, Georgia
98,20673,624,13,17552,Colbert, Georgia
367,-666666666,19,13,17580,Coleman, Georgia
405,21464,14819,13,17776,College Park, Georgia
443,17278,573,13,17832,Collins, Georgia
446,22500,2194,13,18000,Colquitt, Georgia
302,24290,196670,13,19000,Columbus, Georgia
244,29792,1320,13,19084,Comer, Georgia
88,26615,6742,13,19112,Commerce, Georgia
311,35536,298,13,19168,Concord, Georgia
608,24006,6002,13,19280,Conley, Georgia
423,24620,15882,13,19336,Conyers, Georgia
27,23221,416,13,19392,Coolidge, Georgia
523,14223,10793,13,19616,Cordele, Georgia
491,24498,4290,13,19728,Cornelia, Georgia
505,22002,8160,13,19830,Country Club Estates, Georgia
183,21815,13844,13,20064,Covington, Georgia
184,15773,943,13,20288,Crawford, Georgia
496,19821,564,13,20316,Crawfordville, Georgia
368,24583,497,13,20550,Crooked Creek, Georgia
175,18472,227,13,20848,Culloden, Georgia
553,22681,6027,13,20932,Cumming, Georgia
360,21877,10767,13,21017,Cusseta-Chattahoochee County, Georgia
101,14028,3581,13,21072,Cuthbert, Georgia
151,27179,5644,13,21184,Dacula, Georgia
193,13775,6556,13,21240,Dahlonega, Georgia
433,24464,150,13,21268,Daisy, Georgia
563,26425,13014,13,21324,Dallas, Georgia
122,24485,33458,13,21380,Dalton, Georgia
312,18750,291,13,21436,Damascus, Georgia
245,33333,816,13,21632,Danielsville, Georgia
149,12969,200,13,21688,Danville, Georgia
181,19483,2500,13,21716,Darien, Georgia
242,27222,859,13,21744,Dasher, Georgia
126,2630,1903,13,21800,Davisboro, Georgia
237,15991,4222,13,21912,Dawson, Georgia
83,32315,2772,13,21940,Dawsonville, Georgia
425,17083,175,13,22472,De Soto, Georgia
617,18500,680,13,22024,Dearing, Georgia
500,54184,23054,13,22052,Decatur, Georgia
212,23438,2588,13,22080,Deenwood, Georgia
576,38750,125,13,22108,Deepstep, Georgia
492,18875,2027,13,22304,Demorest, Georgia
171,30000,149,13,22388,Denton, Georgia
369,20971,129,13,22724,Dewy Rose, Georgia
586,20128,643,13,22752,Dexter, Georgia
566,21645,372,13,22976,Dillard, Georgia
63,22122,8478,13,23200,Dock Junction, Georgia
13,20278,649,13,23284,Doerun, Georgia
222,18661,2589,13,23368,Donalsonville, Georgia
283,19375,169,13,23480,Dooling, Georgia
19,24709,10471,13,23536,Doraville, Georgia
70,19573,11556,13,23872,Douglas, Georgia
218,29495,33210,13,23900,Douglasville, Georgia
80,62188,8244,13,24264,Druid Hills, Georgia
204,22574,173,13,24796,Du Pont, Georgia
445,19133,15869,13,24376,Dublin, Georgia
191,28929,857,13,24488,Dudley, Georgia
213,34483,29239,13,24600,Duluth, Georgia
370,55759,49016,13,24768,Dunwoody, Georgia
371,63125,1013,13,24876,Dutch Island, Georgia
372,-666666666,0,13,24964,Eagle Grove, Georgia
173,22050,2725,13,25300,East Dublin, Georgia
434,20785,669,13,25356,East Ellijay, Georgia
224,21408,1316,13,25440,East Griffin, Georgia
462,19275,1134,13,25692,East Newnan, Georgia
548,24501,34977,13,25720,East Point, Georgia
165,19234,5209,13,25552,Eastman, Georgia
17,21151,6529,13,26084,Eatonton, Georgia
393,22362,3994,13,26156,Echols County consolidated government, Georgia
256,-666666666,14,13,26224,Edge Hill, Georgia
501,17500,1163,13,26448,Edison, Georgia
8,17493,4383,13,26616,Elberton, Georgia
601,20417,1788,13,26980,Ellaville, Georgia
76,11131,156,13,27008,Ellenton, Georgia
504,20993,2918,13,27092,Ellijay, Georgia
614,28452,1685,13,27344,Emerson, Georgia
373,13996,387,13,27512,Empire, Georgia
196,16750,925,13,27596,Enigma, Georgia
313,27857,316,13,27708,Ephesus, Georgia
374,31000,182,13,27736,Epworth, Georgia
559,27548,1094,13,27932,Eton, Georgia
452,27713,4264,13,27988,Euharlee, Georgia
518,40877,34379,13,28044,Evans, Georgia
406,19713,2853,13,28296,Experiment, Georgia
10,22067,9173,13,28520,Fair Oaks, Georgia
598,26894,14708,13,28380,Fairburn, Georgia
418,20278,994,13,28492,Fairmount, Georgia
108,21664,6518,13,28632,Fairview, Georgia
132,25417,273,13,28744,Fargo, Georgia
249,33407,17349,13,28968,Fayetteville, Georgia
143,15330,8865,13,29528,Fitzgerald, Georgia
176,30000,666,13,30088,Flemington, Georgia
127,20250,878,13,30312,Flovilla, Georgia
314,38085,7151,13,30340,Flowery Branch, Georgia
199,15631,4951,13,30424,Folkston, Georgia
569,19982,19483,13,30536,Forest Park, Georgia
177,23140,4054,13,30732,Forsyth, Georgia
620,18258,1010,13,30816,Fort Gaines, Georgia
167,25618,9852,13,30956,Fort Oglethorpe, Georgia
180,26462,9326,13,31068,Fort Stewart, Georgia
440,15435,8740,13,31096,Fort Valley, Georgia
546,14787,1001,13,31292,Franklin, Georgia
87,14100,900,13,31320,Franklin Springs, Georgia
315,18214,618,13,31684,Funston, Georgia
404,24778,38624,13,31908,Gainesville, Georgia
511,23944,8936,13,32048,Garden, Georgia
316,28750,142,13,32188,Garfield, Georgia
587,31250,87,13,32384,Gay, Georgia
36,16188,162,13,32412,Geneva, Georgia
455,32159,13469,13,32482,George, Georgia
361,18863,2276,13,32528,George-Quitman County, Georgia
298,16208,696,13,32748,Gibson, Georgia
621,28000,227,13,32860,Gillsville, Georgia
260,16964,188,13,32916,Girard, Georgia
226,24158,5078,13,33336,Glennville, Georgia
47,16853,713,13,33392,Glenwood, Georgia
317,24784,364,13,33896,Good Hope, Georgia
456,22519,2068,13,33980,Gordon, Georgia
459,24531,301,13,34260,Graham, Georgia
206,27263,3219,13,34428,Grantville, Georgia
240,29010,3261,13,34512,Gray, Georgia
49,40141,3658,13,34596,Grayson, Georgia
290,19485,3356,13,34876,Greensboro, Georgia
588,18300,1093,13,35016,Greenville, Georgia
5,22484,8694,13,35240,Gresham Park, Georgia
225,18934,22725,13,35324,Griffin, Georgia
25,31430,13658,13,35716,Grove, Georgia
96,21000,209,13,35800,Gumbranch, Georgia
251,21222,2236,13,35814,Gumlog, Georgia
81,31096,2309,13,35884,Guyton, Georgia
277,20463,1141,13,36024,Hagan, Georgia
527,21764,2923,13,36052,Hahira, Georgia
599,35227,1549,13,36220,Hamilton, Georgia
93,23998,7604,13,36276,Hampton, Georgia
43,21240,3372,13,36416,Hannahs Mill, Georgia
215,30594,6581,13,36472,Hapeville, Georgia
146,26563,165,13,36528,Haralson, Georgia
375,17274,3431,13,36668,Hardwick, Georgia
26,24271,3054,13,36696,Harlem, Georgia
128,20326,492,13,36920,Harrison, Georgia
32,15652,4411,13,37144,Hartwell, Georgia
77,19810,5310,13,37396,Hawkinsville, Georgia
477,22223,4164,13,37564,Hazlehurst, Georgia
228,32292,390,13,37788,Helen, Georgia
376,41337,1853,13,37910,Henderson, Georgia
103,22303,3973,13,38040,Hephzibah, Georgia
377,52316,3195,13,38105,Heron Bay, Georgia
318,24471,753,13,38124,Hiawassee, Georgia
558,19276,474,13,38348,Higgston, Georgia
564,12150,200,13,38866,Hilltop, Georgia
319,17188,438,13,38920,Hiltonia, Georgia
241,28070,33258,13,38964,Hinesville, Georgia
567,36648,3897,13,39076,Hiram, Georgia
160,30446,762,13,39216,Hoboken, Georgia
136,16983,3085,13,39244,Hogansville, Georgia
79,42880,11469,13,39524,Holly Springs, Georgia
200,15446,939,13,39692,Homeland, Georgia
299,24700,1269,13,39720,Homer, Georgia
154,18714,2442,13,39748,Homerville, Georgia
95,28250,1567,13,40056,Hoschton, Georgia
378,-666666666,0,13,40196,Howard, Georgia
529,17500,189,13,40532,Hull, Georgia
618,14201,364,13,40812,Ideal, Georgia
538,23092,405,13,40840,Ila, Georgia
162,25880,2650,13,41036,Indian Springs, Georgia
223,27500,254,13,41344,Iron, Georgia
233,25431,8578,13,41347,Irondale, Georgia
42,22059,567,13,41400,Irwinton, Georgia
202,51614,2539,13,41484,Isle of Hope, Georgia
320,21576,939,13,41540,Ivey, Georgia
291,22191,4999,13,41596,Jackson, Georgia
321,14063,80,13,41708,Jacksonville, Georgia
7,19265,197,13,41792,Jakin, Georgia
619,20932,3796,13,41932,Jasper, Georgia
437,30798,10693,13,41988,Jefferson, Georgia
56,18897,1127,13,42100,Jeffersonville, Georgia
379,27679,312,13,42156,Jenkinsburg, Georgia
322,19583,78,13,42184,Jersey, Georgia
545,18172,9814,13,42268,Jesup, Georgia
357,50679,83637,13,42425,Johns Creek, Georgia
235,18936,4737,13,42604,Jonesboro, Georgia
37,18375,203,13,42800,Junction, Georgia
521,33030,33700,13,43192,Kennesaw, Georgia
323,13750,169,13,43360,Keysville, Georgia
509,21848,3348,13,43580,Kings Bay Base, Georgia
169,27872,16784,13,43640,Kingsland, Georgia
489,15257,490,13,43668,Kingston, Georgia
324,20000,290,13,43892,Kite, Georgia
380,-666666666,64,13,44060,Knoxville, Georgia
325,17369,7191,13,44312,LaFayette, Georgia
209,20478,30412,13,44340,LaGrange, Georgia
417,13608,2749,13,44508,Lake, Georgia
524,28542,855,13,44704,Lake Park, Georgia
119,15483,3271,13,44592,Lakeland, Georgia
130,21124,5147,13,44900,Lakeview, Georgia
597,19861,2697,13,44956,Lakeview Estates, Georgia
287,19402,2131,13,45460,Lavonia, Georgia
50,26729,29401,13,45488,Lawrenceville, Georgia
502,19620,628,13,45600,Leary, Georgia
172,30233,2982,13,45768,Leesburg, Georgia
303,16181,789,13,45936,Lenox, Georgia
426,21500,589,13,46020,Leslie, Georgia
532,28125,205,13,46188,Lexington, Georgia
138,27744,12561,13,46356,Lilburn, Georgia
432,18750,194,13,46384,Lilly, Georgia
211,14696,389,13,46524,Lincoln Park, Georgia
525,24880,1823,13,46552,Lincolnton, Georgia
552,22241,4466,13,46580,Lindale, Georgia
326,26564,17216,13,46832,Lithia Springs, Georgia
263,21974,2445,13,46860,Lithonia, Georgia
115,29064,6540,13,47140,Locust Grove, Georgia
214,30417,11665,13,47196,Loganville, Georgia
89,20208,79,13,47252,Lone Oak, Georgia
581,47284,1766,13,47336,Lookout Mountain, Georgia
187,17716,2628,13,47560,Louisville, Georgia
582,27776,6484,13,47616,Lovejoy, Georgia
438,29779,2605,13,47784,Ludowici, Georgia
257,28353,2880,13,47896,Lula, Georgia
227,16891,1230,13,47952,Lumber, Georgia
424,17208,1142,13,47980,Lumpkin, Georgia
99,19659,805,13,48008,Luthersville, Georgia
622,19046,541,13,48092,Lyerly, Georgia
579,21207,4318,13,48232,Lyons, Georgia
285,31285,40464,13,48288,Mableton, Georgia
400,23934,153490,13,49008,Macon-Bibb County, Georgia
416,28015,4041,13,49196,Madison, Georgia
592,30208,70,13,49504,Manassas, Georgia
603,17644,3977,13,49532,Manchester, Georgia
585,20000,445,13,49616,Mansfield, Georgia
281,30848,60410,13,49756,Marietta, Georgia
414,16361,1470,13,49924,Marshallville, Georgia
246,20875,546,13,50008,Martin, Georgia
9,33250,36068,13,50036,Martinez, Georgia
381,-666666666,194,13,50176,Matthews, Georgia
565,37917,284,13,50260,Maxeys, Georgia
75,21123,2307,13,50484,Maysville, Georgia
485,16504,1353,13,48428,McCaysville, Georgia
116,29309,24102,13,48624,McDonough, Georgia
57,18438,678,13,48848,McIntyre, Georgia
402,16417,8538,13,49100,McRae-Helena, Georgia
105,23125,99,13,50596,Meansville, Georgia
34,14479,989,13,50680,Meigs, Georgia
382,24125,59,13,50820,Mendes, Georgia
69,25441,439,13,50848,Menlo, Georgia
431,14197,3978,13,51072,Metter, Georgia
3,21741,329,13,51240,Midville, Georgia
439,30875,2077,13,51352,Midway, Georgia
327,18080,805,13,51408,Milan, Georgia
52,14095,18813,13,51492,Milledgeville, Georgia
550,18998,2838,13,51520,Millen, Georgia
189,34321,954,13,51604,Milner, Georgia
358,52211,38171,13,51670,Milton, Georgia
383,33712,335,13,51744,Mineral Bluff, Georgia
67,18750,197,13,51968,Mitchell, Georgia
91,17188,468,13,52108,Molena, Georgia
41,20204,13370,13,52192,Monroe, Georgia
480,19732,3117,13,52304,Montezuma, Georgia
435,31151,4533,13,52332,Montgomery, Georgia
170,18359,2630,13,52416,Monticello, Georgia
192,30583,280,13,52500,Montrose, Georgia
536,26429,1191,13,52556,Moody AFB, Georgia
604,27917,408,13,52668,Moreland, Georgia
64,16364,2055,13,52696,Morgan, Georgia
328,14909,277,13,52724,Morganton, Georgia
570,22115,7238,13,53004,Morrow, Georgia
194,16781,775,13,53032,Morven, Georgia
258,19105,14109,13,53060,Moultrie, Georgia
487,25711,1281,13,53284,Mount Airy, Georgia
539,16528,2519,13,53508,Mount Vernon, Georgia
163,22190,2377,13,53620,Mount Zion, Georgia
533,16595,1103,13,53116,Mountain, Georgia
139,33153,13877,13,53186,Mountain Park, Georgia
278,45278,625,13,53172,Mountain Park, Georgia
125,14747,775,13,54124,Nahunta, Georgia
507,18448,4813,13,54264,Nashville, Georgia
279,30727,1573,13,54572,Nelson, Georgia
591,24236,734,13,54656,Newborn, Georgia
92,20375,276,13,54992,Newington, Georgia
207,31433,37818,13,55020,Newnan, Georgia
461,17424,840,13,55244,Newton, Georgia
613,16822,3870,13,55440,Nicholls, Georgia
117,22577,1781,13,55468,Nicholson, Georgia
616,27212,16369,13,55776,Norcross, Georgia
259,26091,1024,13,55860,Norman Park, Georgia
384,9464,84,13,55944,Norris, Georgia
265,44464,17298,13,56112,North Decatur, Georgia
2,42043,17287,13,56168,North Druid Hills, Georgia
447,29875,707,13,56308,North High Shoals, Georgia
44,18393,242,13,56560,Norwood, Georgia
329,22788,169,13,56644,Nunez, Georgia
248,20455,717,13,57232,Oak Park, Georgia
609,25353,4124,13,57260,Oakwood, Georgia
147,21161,633,13,57372,Ochlocknee, Georgia
157,17131,3487,13,57428,Ocilla, Georgia
150,24350,370,13,57456,Oconee, Georgia
330,24779,506,13,57540,Odum, Georgia
293,21071,474,13,57568,Offerman, Georgia
113,20263,1288,13,57736,Oglethorpe, Georgia
104,19292,382,13,58100,Oliver, Georgia
498,18111,1256,13,58184,Omega, Georgia
35,15000,250,13,58296,Orchard Hill, Georgia
540,15696,2109,13,58744,Oxford, Georgia
572,21342,5089,13,58884,Palmetto, Georgia
506,21527,10581,13,59080,Panthersville, Georgia
229,14583,139,13,59416,Parrott, Georgia
16,26681,647,13,59500,Patterson, Georgia
166,19330,598,13,59556,Pavo, Georgia
250,48054,35165,13,59724,Peachtree, Georgia
399,36006,42463,13,59735,Peachtree Corners, Georgia
140,20802,2036,13,59808,Pearson, Georgia
174,21001,3609,13,59976,Pelham, Georgia
161,26952,2447,13,60004,Pembroke, Georgia
331,30313,487,13,60032,Pendergrass, Georgia
385,32820,225,13,60312,Perkins, Georgia
561,24866,16031,13,60340,Perry, Georgia
573,20313,922,13,60508,Phillipsburg, Georgia
264,40859,747,13,61040,Pine Lake, Georgia
589,24366,1440,13,61124,Pine Mountain, Georgia
6,16333,423,13,60984,Pinehurst, Georgia
596,15956,525,13,61320,Pineview, Georgia
482,18611,383,13,61544,Pitts, Georgia
602,15281,658,13,61628,Plains, Georgia
419,22273,403,13,61684,Plainville, Georgia
20,38801,23102,13,62104,Pooler, Georgia
203,40625,7946,13,62328,Port Wentworth, Georgia
427,19115,606,13,62216,Portal, Georgia
333,14948,1742,13,62244,Porterdale, Georgia
476,23690,729,13,62496,Poulan, Georgia
11,31418,14945,13,62524,Powder Springs, Georgia
4,19750,309,13,63000,Pulaski, Georgia
120,26422,2250,13,63084,Putney, Georgia
508,21938,3771,13,63224,Quitman, Georgia
486,16563,137,13,63560,Ranger, Georgia
466,17694,2937,13,63588,Raoul, Georgia
197,27056,1076,13,63728,Ray, Georgia
472,15069,235,13,63756,Rayle, Georgia
340,19519,237,13,63840,Rebecca, Georgia
65,23940,32357,13,63952,Redan, Georgia
220,26557,2535,13,64288,Reed Creek, Georgia
0,23250,116,13,64372,Register, Georgia
577,18615,2642,13,64512,Reidsville, Georgia
94,16076,1224,13,64596,Remerton, Georgia
341,18125,285,13,64680,Rentz, Georgia
342,23162,960,13,64736,Resaca, Georgia
156,-666666666,179,13,64792,Rest Haven, Georgia
343,17407,1119,13,64876,Reynolds, Georgia
23,13971,499,13,64932,Rhine, Georgia
97,19125,641,13,64960,Riceboro, Georgia
451,17760,1637,13,65016,Richland, Georgia
198,33762,12203,13,65044,Richmond Hill, Georgia
45,25000,46,13,65156,Riddleville, Georgia
344,36034,9863,13,65296,Rincon, Georgia
168,22262,3563,13,65324,Ringgold, Georgia
216,25163,16289,13,65464,Riverdale, Georgia
273,21047,909,13,65856,Roberta, Georgia
624,22888,1464,13,65968,Robins AFB, Georgia
38,20179,961,13,66024,Rochelle, Georgia
386,16154,102,13,66220,Rockingham, Georgia
221,18354,4244,13,66276,Rockmart, Georgia
568,26563,209,13,66444,Rocky Ford, Georgia
239,21962,36185,13,66668,Rome, Georgia
269,26944,271,13,66696,Roopville, Georgia
593,21141,3994,13,67256,Rossville, Georgia
30,41131,94257,13,67284,Roswell, Georgia
71,16639,2997,13,67452,Royston, Georgia
359,21223,1229,13,67676,Russell, Georgia
114,16802,928,13,67760,Rutledge, Georgia
345,20625,438,13,68096,Sale, Georgia
59,16563,407,13,68129,Salem, Georgia
428,16857,5616,13,68208,Sandersville, Georgia
346,43654,105411,13,68516,Sandy Springs, Georgia
544,15833,195,13,68600,Santa Claus, Georgia
347,18125,750,13,68740,Sardis, Georgia
107,26250,338,13,68796,Sasser, Georgia
387,-666666666,376,13,68805,Satilla, Georgia
401,32054,178,13,68880,Sautee-Nacoochee, Georgia
145,22190,145342,13,69000,Savannah, Georgia
129,22069,477,13,69336,Scotland, Georgia
266,29804,10698,13,69392,Scottdale, Georgia
231,21960,1065,13,69448,Screven, Georgia
208,33193,4160,13,69672,Senoia, Georgia
388,18438,116,13,69728,Seville, Georgia
186,24188,437,13,69784,Shady Dale, Georgia
535,26250,1931,13,69868,Shannon, Georgia
182,18333,140,13,69896,Sharon, Georgia
205,28083,402,13,69980,Sharpsburg, Georgia
102,19583,1147,13,70120,Shellman, Georgia
421,25536,422,13,70428,Shiloh, Georgia
288,18250,399,13,70932,Siloam, Georgia
21,47215,8783,13,71184,Skidaway Island, Georgia
543,35000,328,13,71282,Sky Valley, Georgia
190,15956,683,13,71464,Smithville, Georgia
282,42023,55976,13,71492,Smyrna, Georgia
121,29158,19631,13,71604,Snellville, Georgia
465,22220,4419,13,71660,Social Circle, Georgia
606,20544,3073,13,71772,Soperton, Georgia
396,31915,94912,13,72122,South Fulton, Georgia
22,15633,2261,13,72556,Sparks, Georgia
14,15282,1854,13,72584,Sparta, Georgia
133,27258,3526,13,72780,Springfield, Georgia
469,30492,17921,13,67984,St. Marys, Georgia
60,44052,14302,13,68040,St. Simons, Georgia
547,20750,393,13,73004,Stapleton, Georgia
1,11898,31001,13,73256,Statesboro, Georgia
159,28576,2633,13,73312,Statham, Georgia
348,17404,535,13,73620,Stillmore, Georgia
179,30637,28648,13,73704,Stockbridge, Georgia
66,22848,6251,13,73816,Stone Mountain, Georgia
394,27115,53772,13,73784,Stonecrest, Georgia
118,37229,22314,13,74180,Sugar Hill, Georgia
349,19531,180,13,74348,Summer, Georgia
458,17605,4339,13,74376,Summerville, Georgia
594,20417,491,13,74432,Sumner, Georgia
611,25455,160,13,74572,Sunny Side, Georgia
575,35929,1121,13,74628,Sunnyside, Georgia
574,18327,747,13,74768,Sunset Village, Georgia
292,13424,293,13,74852,Surrency, Georgia
135,40098,19215,13,74936,Suwanee, Georgia
289,16612,7347,13,74964,Swainsboro, Georgia
607,18897,868,13,75104,Sycamore, Georgia
534,20340,2805,13,75160,Sylvania, Georgia
442,21235,5926,13,75188,Sylvester, Georgia
389,53565,1406,13,75239,Talahi Island, Georgia
473,21368,875,13,75244,Talbotton, Georgia
33,30625,139,13,75272,Talking Rock, Georgia
31,27225,3133,13,75300,Tallapoosa, Georgia
449,41000,100,13,75328,Tallulah Falls, Georgia
556,31667,295,13,75412,Talmo, Georgia
351,27250,44,13,75496,Tarry, Georgia
390,-666666666,0,13,75580,Tate, Georgia
615,24107,238,13,75664,Taylorsville, Georgia
131,30469,4366,13,75832,Temple, Georgia
46,20684,1722,13,75888,Tennille, Georgia
391,-666666666,203,13,76112,The Rock, Georgia
571,19789,8802,13,76168,Thomaston, Georgia
409,20046,18546,13,76224,Thomasville, Georgia
112,17901,6603,13,76280,Thomson, Georgia
512,33134,2643,13,76364,Thunderbolt, Georgia
410,19961,16603,13,76476,Tifton, Georgia
106,16979,512,13,76504,Tiger, Georgia
475,20395,457,13,76532,Tignall, Georgia
408,21156,8274,13,76756,Toccoa, Georgia
352,17366,508,13,76952,Toomsboro, Georgia
515,23235,2335,13,77372,Trenton, Georgia
623,24132,2322,13,77540,Trion, Georgia
395,36817,35692,13,77652,Tucker, Georgia
152,23145,1317,13,77736,Tunnel Hill, Georgia
39,-666666666,571,13,77764,Turin, Georgia
503,16610,1860,13,77988,Twin, Georgia
148,17059,966,13,78100,Ty Ty, Georgia
513,41889,3093,13,78036,Tybee Island, Georgia
497,41929,7221,13,78044,Tyrone, Georgia
516,21088,3615,13,78156,Unadilla, Georgia
420,24746,20960,13,78324,Union, Georgia
252,16848,1837,13,78380,Union Point, Georgia
55,12168,2183,13,78464,Unionville, Georgia
555,21042,527,13,78744,Uvalda, Georgia
243,20474,56074,13,78800,Valdosta, Georgia
51,27643,2156,13,78996,Varnell, Georgia
164,42500,106,13,79164,Vernonburg, Georgia
230,19279,10473,13,79388,Vidalia, Georgia
294,21429,186,13,79416,Vidette, Georgia
275,16386,3737,13,79444,Vienna, Georgia
270,29857,15124,13,79528,Villa Rica, Georgia
464,46201,13086,13,79612,Vinings, Georgia
610,20938,440,13,79808,Waco, Georgia
478,14434,1841,13,79864,Wadley, Georgia
28,5930,727,13,79948,Waleska, Georgia
353,28177,1422,13,80228,Walnut Grove, Georgia
526,21076,4095,13,80256,Walthourville, Georgia
557,16146,510,13,80480,Warm Springs, Georgia
562,30017,74762,13,80508,Warner Robins, Georgia
153,18184,1976,13,80592,Warrenton, Georgia
232,17057,424,13,80676,Warwick, Georgia
238,19300,3975,13,80704,Washington, Georgia
334,31472,2871,13,80788,Watkinsville, Georgia
600,19613,908,13,80844,Waverly Hall, Georgia
62,19880,13836,13,80956,Waycross, Georgia
18,18582,5558,13,80984,Waynesboro, Georgia
336,21575,2613,13,81128,Webster County, Georgia
210,25293,3554,13,82132,West Point, Georgia
411,14952,509,13,82412,Whigham, Georgia
495,21629,788,13,82468,White, Georgia
457,21302,219,13,82692,White Plains, Georgia
267,41842,7058,13,82636,Whitemarsh Island, Georgia
350,22399,743,13,82720,Whitesburg, Georgia
158,16362,1461,13,82972,Willacoochee, Georgia
354,31285,586,13,83084,Williamson, Georgia
271,39814,15391,13,83168,Wilmington Island, Georgia
142,23473,15827,13,83420,Winder, Georgia
255,31293,1123,13,83728,Winterville, Georgia
268,18715,1585,13,83868,Woodbine, Georgia
530,18725,1203,13,83896,Woodbury, Georgia
474,20000,297,13,83952,Woodland, Georgia
520,40722,30362,13,84176,Woodstock, Georgia
73,19773,355,13,84260,Woodville, Georgia
85,28750,198,13,84288,Woolsey, Georgia
188,16331,2295,13,84456,Wrens, Georgia
479,16145,3666,13,84512,Wrightsville, Georgia
61,21842,424,13,84708,Yatesville, Georgia
392,25071,586,13,84832,Yonah, Georgia
580,4694,1033,13,84960,Young Harris, Georgia
448,19561,1196,13,85128,Zebulon, Georgia
